{
  "Logistic Regression": {
    "accuracy": 0.8005918353621629,
    "precision": 0.7776541750677883,
    "recall": 0.8036933247107854,
    "f1": 0.7904593639575972,
    "auc": 0.8460824548430204,
    "fpr": 0.20213640098603122,
    "confusion_matrix": {
      "tn": 12623,
      "fp": 3198,
      "fn": 2732,
      "tp": 11185
    }
  },
  "Decision Tree": {
    "accuracy": 0.9619342255699778,
    "precision": 0.9601238033542071,
    "recall": 0.958468060645254,
    "f1": 0.9592952175476447,
    "auc": 0.9868830445146283,
    "fpr": 0.03501674988938752,
    "confusion_matrix": {
      "tn": 15267,
      "fp": 554,
      "fn": 578,
      "tp": 13339
    }
  },
  "Random Forest": {
    "accuracy": 0.9816732799784788,
    "precision": 0.9854072890953971,
    "recall": 0.9752820291729539,
    "f1": 0.980318515040988,
    "auc": 0.9951381241103988,
    "fpr": 0.01270463308261172,
    "confusion_matrix": {
      "tn": 15620,
      "fp": 201,
      "fn": 344,
      "tp": 13573
    }
  },
  "MLP": {
    "accuracy": 0.933586656802744,
    "precision": 0.9364766081871345,
    "recall": 0.9205288496083927,
    "f1": 0.9284342500996485,
    "auc": 0.9799938556874633,
    "fpr": 0.054926995765122305,
    "confusion_matrix": {
      "tn": 14952,
      "fp": 869,
      "fn": 1106,
      "tp": 12811
    }
  }
}