{
  "accuracy": [
    0.8647757768630981,
    0.9034783840179443,
    0.9110816121101379,
    0.9155334234237671,
    0.9185223579406738,
    0.9208159446716309,
    0.921104907989502,
    0.9234166145324707,
    0.9241119027137756,
    0.9246265888214111,
    0.9261617064476013,
    0.926929235458374,
    0.9276607036590576,
    0.9286268949508667,
    0.931390106678009,
    0.9325730204582214,
    0.9324555993080139,
    0.9341713190078735,
    0.9341261386871338,
    0.934677004814148,
    0.9348846673965454,
    0.9367809891700745,
    0.9370338320732117,
    0.9378465414047241,
    0.9375123977661133
  ],
  "auc": [
    0.923754096031189,
    0.9526540637016296,
    0.9614214301109314,
    0.9662286043167114,
    0.9696086049079895,
    0.972089946269989,
    0.9734340906143188,
    0.9748781323432922,
    0.9758502840995789,
    0.9767959713935852,
    0.9779261946678162,
    0.9786486029624939,
    0.9796180725097656,
    0.9802236557006836,
    0.9821600914001465,
    0.9826837778091431,
    0.9827201962471008,
    0.9831590056419373,
    0.9835025668144226,
    0.9838928580284119,
    0.9841651916503906,
    0.9848302006721497,
    0.9848906397819519,
    0.9852041006088257,
    0.9852195978164673
  ],
  "loss": [
    0.34351441264152527,
    0.2609586715698242,
    0.23739823698997498,
    0.2244473695755005,
    0.21407872438430786,
    0.20631226897239685,
    0.2023816853761673,
    0.1971047967672348,
    0.19381025433540344,
    0.19044123589992523,
    0.18615522980690002,
    0.1839531511068344,
    0.18002477288246155,
    0.1771741658449173,
    0.1690145581960678,
    0.16657637059688568,
    0.16642823815345764,
    0.1641288548707962,
    0.16283488273620605,
    0.16074629127979279,
    0.15960192680358887,
    0.15629392862319946,
    0.15592831373214722,
    0.15431004762649536,
    0.15427720546722412
  ],
  "precision": [
    0.8883782625198364,
    0.930993914604187,
    0.9338098168373108,
    0.9351818561553955,
    0.9364218711853027,
    0.9376596808433533,
    0.9375985264778137,
    0.9384865760803223,
    0.9390342235565186,
    0.9382642507553101,
    0.9402918219566345,
    0.9397146701812744,
    0.9390876889228821,
    0.9399899840354919,
    0.940360963344574,
    0.939470112323761,
    0.9397300481796265,
    0.9414746165275574,
    0.9406437873840332,
    0.9405648708343506,
    0.9412034153938293,
    0.9419611692428589,
    0.9418455958366394,
    0.9434121251106262,
    0.9428550601005554
  ],
  "recall": [
    0.834389865398407,
    0.8715572953224182,
    0.8848856091499329,
    0.892958402633667,
    0.8980152010917664,
    0.9015730023384094,
    0.9022592902183533,
    0.906232476234436,
    0.9071174263954163,
    0.9090679287910461,
    0.9101154208183289,
    0.912390947341919,
    0.9146484732627869,
    0.9157140254974365,
    0.9212042689323425,
    0.9247259497642517,
    0.9241841435432434,
    0.925899863243103,
    0.9267305731773376,
    0.9279947876930237,
    0.9277238845825195,
    0.9309205412864685,
    0.9315887093544006,
    0.9315706491470337,
    0.931480348110199
  ],
  "val_accuracy": [
    0.5980629324913025,
    0.9169356822967529,
    0.9201641082763672,
    0.9166666865348816,
    0.9083938598632812,
    0.9248049259185791,
    0.9230562448501587,
    0.924065113067627,
    0.9176755547523499,
    0.9264864325523376,
    0.9288404583930969,
    0.9285041689872742,
    0.9294458031654358,
    0.9301856160163879,
    0.9367769956588745,
    0.9320015907287598,
    0.9332122802734375,
    0.9390637874603271,
    0.9333468079566956,
    0.9342883825302124,
    0.933750331401825,
    0.9403416514396667,
    0.937315046787262,
    0.9396018385887146,
    0.9402071833610535
  ],
  "val_auc": [
    0.8150886297225952,
    0.966489315032959,
    0.9704294800758362,
    0.9708243012428284,
    0.9722130298614502,
    0.9763413667678833,
    0.9766616821289062,
    0.977863073348999,
    0.9773381352424622,
    0.9800308346748352,
    0.9812052845954895,
    0.9818118810653687,
    0.9815886616706848,
    0.9817307591438293,
    0.9844212532043457,
    0.9836118221282959,
    0.9838240146636963,
    0.9850964546203613,
    0.9845956563949585,
    0.9850072860717773,
    0.9849881529808044,
    0.9861685633659363,
    0.9854699373245239,
    0.9862055778503418,
    0.9862752556800842
  ],
  "val_loss": [
    0.7754371166229248,
    0.22414110600948334,
    0.2111186385154724,
    0.2175782173871994,
    0.21627432107925415,
    0.19353985786437988,
    0.19366972148418427,
    0.18794643878936768,
    0.19699937105178833,
    0.17908453941345215,
    0.17220750451087952,
    0.1722913533449173,
    0.1751628965139389,
    0.1766703873872757,
    0.15657435357570648,
    0.1640894114971161,
    0.15962104499340057,
    0.15308740735054016,
    0.156280055642128,
    0.1547127366065979,
    0.15634699165821075,
    0.14736397564411163,
    0.1508897989988327,
    0.14818502962589264,
    0.14741358160972595
  ],
  "val_precision": [
    0.7884841561317444,
    0.9329701662063599,
    0.9237773418426514,
    0.9299353361129761,
    0.9316568970680237,
    0.9315696358680725,
    0.9205729365348816,
    0.9282880425453186,
    0.9398588538169861,
    0.9265454411506653,
    0.9330593347549438,
    0.9272358417510986,
    0.9272595643997192,
    0.9293588399887085,
    0.9353298544883728,
    0.9217132329940796,
    0.9282124638557434,
    0.9356464147567749,
    0.9272518754005432,
    0.9277642965316772,
    0.9201012849807739,
    0.9374549388885498,
    0.9324052929878235,
    0.9355951547622681,
    0.9366815090179443
  ],
  "val_recall": [
    0.19287151098251343,
    0.886174201965332,
    0.9039953947067261,
    0.888904869556427,
    0.8679218292236328,
    0.9058637619018555,
    0.9144869446754456,
    0.9078758358955383,
    0.8804253935813904,
    0.9154929518699646,
    0.9134808778762817,
    0.9193733930587769,
    0.9215291738510132,
    0.9208105802536011,
    0.9291462898254395,
    0.9340327978134155,
    0.9291462898254395,
    0.9340327978134155,
    0.9305834770202637,
    0.9321644306182861,
    0.9400689601898193,
    0.9348950982093811,
    0.9337453246116638,
    0.9353262186050415,
    0.9354699850082397
  ],
  "learning_rate": [
    0.0010000000474974513,
    0.0010000000474974513,
    0.0010000000474974513,
    0.0010000000474974513,
    0.0010000000474974513,
    0.0010000000474974513,
    0.0010000000474974513,
    0.0010000000474974513,
    0.0010000000474974513,
    0.0010000000474974513,
    0.0010000000474974513,
    0.0010000000474974513,
    0.0010000000474974513,
    0.0010000000474974513,
    0.0005000000237487257,
    0.0005000000237487257,
    0.0005000000237487257,
    0.0005000000237487257,
    0.0005000000237487257,
    0.0005000000237487257,
    0.0005000000237487257,
    0.0002500000118743628,
    0.0002500000118743628,
    0.0002500000118743628,
    0.0002500000118743628
  ]
}