{
  "accuracy": 0.9402784316362902,
  "precision": 0.9365067951391386,
  "recall": 0.935833872242581,
  "f1": 0.9361702127659575,
  "auc": 0.9859640477282727,
  "fpr": 0.05581189558182163,
  "tnr": 0.9441881044181784,
  "confusion_matrix": {
    "tn": 14938,
    "fp": 883,
    "fn": 893,
    "tp": 13024
  }
}