{
  "accuracy": 0.9385272073404363,
  "precision": 0.9313173097496612,
  "recall": 0.9378052283826487,
  "f1": 0.9345500089461443,
  "roc_auc": 0.9864750137062565,
  "pr_auc": 0.9861858188474502,
  "mcc": 0.8766188293251977,
  "cv_accuracy_mean": 0.9331477038442962,
  "cv_accuracy_std": 0.0011563380957311273,
  "cv_f1_mean": 0.9282373966428601,
  "cv_f1_std": 0.0012289090423929687,
  "cv_auc_mean": 0.9821097889797734,
  "cv_auc_std": 0.0007183474582629306
}